temperature,humidity,winddirection,windspeed,precipitation,pm10
9.4,82,262,18.2,0,5.37569
9.5,84,268,20.5,0.3,24.9614
9.6,88,177,13.3,0.1,4.70004
9.7,90,176,14.1,0,5.75185
9.9,91,188,13.4,0,9.26986
9.9,90,195,12.3,0,8.58608
9.8,90,198,11.4,0.1,6.47095
9.6,91,201,13.1,0.6,5.03525
9.6,93,197,13.9,0.2,9.60013
10,91,195,15.6,0,6.94198
9.9,91,196,16.5,0,4.17237
10,91,193,17.4,0,5.62763
10.2,91,192,18.4,0,11.1628
10.2,91,198,16.6,0,9.59596
10.2,91,191,18.7,0,10.3674
10.1,92,185,21,0,11.3612
9.9,92,184,19.1,0,10.2875
9.7,93,184,17.7,0,11.2849
9.4,94,180,16.6,0.1,10.1103
9.2,94,175,17,0.1,27.4098
8.9,95,174,16.7,0,41.7444
8.6,92,175,16.3,0,28.0829
7.9,93,172,16,0,32.9321
6.6,96,171,16.4,0,33.5286
5,98,174,16.3,0,25.6387
3.7,98,174,16.7,0,19.1718
3.6,98,238,8.1,0,17.5592
4.2,98,241,9.5,0,19.0854
5.2,97,243,10.1,0,8.89686
6.1,96,243,10.1,0,6.85676
6.4,93,243,11.3,0,3.73969
6.5,90,243,13.7,0,5.91684
6.6,86,241,16.1,0,5.07511
7,87,232,17.4,0,7.36524
7.4,85,226,17.6,0,4.85397
7.9,82,218,17.4,0,3.4135
8.5,81,217,19.3,0,0.97936
8.9,79,218,14.6,0,3.24759
9,78,218,15.6,0,7.76496
9,78,221,14.3,0,8.06844
8.6,78,234,11.6,0,12.3245
8,79,240,15,0,11.4688
8.2,77,240,20.8,0,14.3509
8.4,74,237,22.9,0,16.6306
9.1,69,227,24.5,0.1,10.8123
9,73,216,24.5,0,8.56639
8.6,73,205,23.8,0,5.55299
7.8,76,205,20.6,0,11.6227
7.6,76,198,22.8,0,9.42513
7.3,78,197,19.6,0,7.94031
7,80,204,17.4,0,8.59476
7,82,211,18.9,0,8.38293
7.3,84,212,20.4,0,7.02437
7.7,86,208,22.1,1.1,5.76083
8.2,85,202,21,0.3,1.89151
8.3,83,200,20.7,0,3.42697
8.3,80,195,22.4,0,3.27558
7.8,82,185,24.2,0,1.41024
7.6,80,187,25,0,5.63503
7.9,78,189,26.2,0,4.30312
8.3,75,178,26.7,0,4.36329
8.6,73,174,25.7,0,7.4409
8.6,73,177,25.2,0,7.26563
8.7,73,179,23,0,10.8985
8.2,72,183,19.1,0,14.3583
7.5,73,192,15.5,0,18.3576
6.8,76,203,14.5,0,20.4149
6,81,216,15.5,0,13.1049
5.7,84,215,17.6,0,10.0118
6.1,81,212,18.3,0,15.7458
5.9,83,214,16.6,0,12.5352
5.7,86,218,15.6,0,8.71773
5.8,87,218,16.9,0.1,5.40528
6.1,87,211,17.3,0.4,2.62951
6.1,88,217,14.9,0.3,4.58858
5.9,90,221,13.3,0.1,5.462
5.8,91,229,12,0.1,3.67529
6.2,91,234,14.2,0.2,0.94848
6.4,91,232,15.1,0.2,0
6.5,91,228,15.5,0.3,0.23837
6.6,91,235,15,0.4,1.70308
6.6,92,243,12.6,0.5,5.13953
6.7,91,253,10.9,0.5,12.0641
7,91,253,14.7,0.5,10.7098
7.6,90,228,15.5,0.4,11.2683
8,89,229,16.6,0.4,10.5107
8.3,88,235,16.3,0.2,5.9062
8.6,88,229,17.1,0.2,5.49319
8.7,88,238,17.5,0.3,4.35722
8.9,88,228,17.8,0.2,1.88588
9.2,89,230,13.6,0.1,9.19945
9,92,213,14.6,0.3,8.64528
8.1,94,170,16.1,0.7,5.29977
6.9,95,138,19.4,0.1,2.56338
5.7,93,137,16.3,0,0
5.4,91,150,14.5,0,2.69444
4.8,90,169,12.8,0,7.46508
4.4,88,200,10.7,0,10.129
3.7,89,209,9.5,0,7.08468
3.3,89,221,8.2,0,2.22575
3.2,90,231,6.9,0,7.42888
3,91,221,10,0,7.2402
3.1,91,234,11.1,0.2,3.42102
3.2,92,238,12.8,0.1,3.29247
3.2,93,225,13.7,0.1,5.89342
3.8,92,228,14.5,0,7.09893
4,91,226,16,0.1,5.17737
4.1,91,223,16.3,0.1,4.99964
4.3,91,212,16.2,0.1,6.85747
4.1,92,191,17.6,0.2,4.82802
3.4,91,156,16.6,0.2,6.6399
2.7,83,148,16.2,0.1,7.38078
2.6,78,165,12.7,0,7.15553
1.8,75,192,11.8,0,18.2671
1,76,209,13.2,0,11.7488
0.5,77,214,14.8,0,13.3525
0.4,76,215,17.1,0,9.38966
0.4,77,216,20.1,0,6.49295
0.8,75,215,23,0,7.82329
1,75,212,23.5,0,7.73692
1.3,74,215,21.5,0,5.09115
1.6,74,208,20.8,0,3.32939
2,73,206,19.6,0,4.30975
2.3,74,203,19.5,0,2.71954
2.3,75,201,19.3,0,5.50086
2.1,77,195,18.3,0,3.46474
2.1,78,187,17.1,0,0.19844
1.9,79,181,15.8,0.1,0.0578
1,83,172,15.6,0.1,3.18971
1.1,83,162,17.1,0.1,2.89648
0.5,84,149,20.5,0,0.32798
0.1,85,146,21.8,0,1.03888
-0.1,81,143,22.4,0,2.59881
0,74,148,23,0,3.79294
0.3,64,147,28.4,0,1.87239
0.4,58,147,28.9,0,2.95229
0,62,144,25.3,0,3.83991
-0.6,65,145,20.7,0,7.68252
-1.2,67,147,18.5,0,6.14726
-1.3,67,151,18,0,5.37864
-2,70,156,16.6,0,16.0795
-2,72,162,14.8,0,22.4121
-2.2,72,169,12.8,0,16.9857
-2.6,71,180,9.7,0,13.8619
-3.1,71,198,7.2,0,18.2838
-3.6,72,214,6.5,0,30.551
-4.2,75,229,6.6,0,16.5415
-4.4,76,242,6.9,0,9.6596
-4.5,77,240,7.9,0,8.89288
-4.4,77,239,8.4,0,8.71122
-4.1,77,241,9,0,7.366
-3.8,75,244,10,0,6.73306
-3.5,72,244,10.8,0,10.0422
-3.1,77,242,13,0,18.6805
-2.1,74,240,15.8,0,17.6899
-0.8,70,240,17.1,0,16.6048
0.2,68,241,17.2,0,12.3623
0.7,68,239,19.4,0,12.0443
1.1,68,236,19.2,0,15.2538
1.2,68,238,18.6,0,16.0346
0.9,69,242,18.4,0,21.0367
0.2,67,245,18.2,0,35.1707
-0.2,63,245,19.5,0,27.0929
-0.5,58,242,20.8,0,20.1782
-0.7,55,244,21.3,0,16.2461
-0.9,55,242,20.8,0,23.4012
-1.1,57,237,20.6,0,16.9321
-1.2,60,239,20.2,0,14.6083
-1.3,63,240,17.9,0,17.8871
-1.4,66,241,18,0,12.7671
-1.5,69,240,18.7,0.1,11.0811
-1.5,71,238,19.6,0.1,8.62495
-1.3,72,233,19,0.1,7.3499
-1.4,74,229,17.1,0,8.32386
-1.3,76,233,14.4,0,7.63999
-1.2,77,236,14.3,0,11.1112
-1,78,237,13.3,0,13.1156
-1.2,81,236,12.2,0,11.0668
-0.6,80,233,13.1,0,19.0337
0.1,76,226,13.5,0,27.5771
0.6,74,230,12.3,0,23.1414
1.3,73,239,13.9,0,31.9918
1.4,73,242,14.3,0,23.7363
1.6,72,243,13.7,0,29.1251
1.2,74,249,12,0,34.5915
0.2,78,243,11.8,0,46.4018
-0.5,81,230,9.4,0,36.6133
-0.9,83,227,7.4,0,39.8339
-1.4,86,239,6.3,0,43.3276
-2,86,250,5.4,0,34.4095
-2.3,87,270,5,0,41.8343
-2.4,87,270,5.8,0,41.4066
-2.2,86,254,6.4,0,34.1686
-1.7,85,261,7.3,0,28.5119
-1.4,83,273,7.9,0,21.2317
-2,87,274,9.7,0,0
-2.1,87,260,12.4,0,0
-2,88,257,13.3,0,15.6212
-1.9,87,258,14.3,0,8.23652
-2,86,259,14.7,0,7.83012
-2,83,261,16,0,8.59822
-1.7,81,260,16.1,0,11.9561
-1,76,262,15.6,0,10.8459
-0.2,72,270,13.3,0,14.5867
0.7,67,270,13,0,13.9419
1.4,64,263,15.6,0,14.6556
1.5,66,258,15.5,0,20.8808
1.4,68,257,14.8,0,20.9445
1.1,71,252,14.3,0,22.0862
0.3,73,250,11.5,0,18.2434
-0.2,75,249,8.1,0,9.42857
-0.3,76,249,7,0,31.5171
-0.3,78,254,6.4,0,53.3719
-0.6,85,254,5.2,0,38.0735
-0.5,86,257,4.8,0,37.4015
-0.7,89,255,4.1,0,69.5561
-0.4,89,252,3.4,0,86.562
-0.6,91,218,4.1,0,53.8401
-0.2,90,196,5.2,0,19.4879
0,90,177,6.1,0,12.7236
0.1,91,153,4.8,0,50.8944
0,93,139,3.8,0,41.7939
-0.1,94,126,4.9,0,22.0835
0.1,95,112,6.6,0.1,18.2621
0.2,96,90,5.8,0.1,16.9937
0.1,99,69,5,0,22.493
0.1,99,53,5.4,0,16.1378
0.2,95,39,5.1,0,37.739
0.5,91,42,5.4,0,32.7937
0.9,86,38,5.9,0,35.9878
1.1,83,45,6.6,0,37.9357
1,81,55,7,0,41.762
0.4,82,62,6.9,0,45.729
-0.7,86,66,7.1,0,65.2358
-1.8,88,59,9.2,0,73.4244
-2.4,89,44,9.9,0,70.454
-2.6,89,34,9.6,0,59.8633
-2.4,88,35,10.6,0,40.9405
-2.6,85,34,11.7,0,28.741
-2.8,85,39,11.5,0,37.1407
-3.1,85,45,6.6,0,33.2026
-3.3,84,45,11.2,0,32.8196
-3.6,84,39,13,0,31.7839
-3.9,82,30,12.1,0,30.2669
-4,79,27,11.3,0,19.1612
-4,76,27,11.3,0,16.8229
-4,74,27,10.5,0,21.3101
-4,73,25,10.3,0,40.7272
-4,73,24,9.8,0,72.4188
-3.4,75,25,7.6,0,101.386
-3.3,74,27,7.2,0,65.5776
-2.7,73,14,7.4,0,45.8281
-2.2,72,22,5.8,0,55.1928
-1.7,71,41,6.6,0,32.5873
-1.6,71,55,7,0,35.4514
-1.4,71,56,7.8,0,36.5049
-1.6,72,55,7.5,0,36.6925
-2.1,76,55,5.7,0,59.4599
-2.9,81,50,6.1,0,101.638
-3.5,86,42,4.8,0,152.031
-2.9,84,25,6,0,99.7928
-4.1,90,352,5.4,0,138.106
-4.3,91,338,3.9,0,139.246
-4.2,91,330,2.9,0,181.127
-4.2,91,185,4.3,0,177.963
-4.6,93,186,3.6,0,199.946
-4.7,92,180,2.9,0,156.353
-4.9,93,203,2.7,0,94.1879
-5.1,92,225,3.1,0,77.0981
-5.4,93,233,3.6,0,70.3338
-5.9,94,233,3.6,0,59.2513
-6.4,94,241,4.5,0,66.7258
-6.5,92,255,4.1,0,114.59
-6.1,94,243,4,0,114.352
-5.5,89,248,5.8,0,124.116
-3.9,79,248,5.8,0,72.1814
-2.6,71,240,5,0,47.8233
-1.9,67,227,6.9,0,60.3837
-0.7,61,223,6.4,0,34.5292
0.1,59,209,6.6,0,35.7611
0,63,204,4.3,0,73.5022
-0.5,67,216,6.2,0,145.304
-1.4,73,221,7.1,0,75.2818
-2,78,201,8.1,0,40.356
-1.5,79,198,9.4,0,27.0186
-1.2,87,186,10.9,0,20.4241
-0.6,86,184,11.5,0,19.343
0,86,178,11.9,0,21.0967
0.3,88,174,13.4,0,15.5096
0.5,90,177,12.6,0,16.6488
0.6,91,177,13.3,0,10.6489
0.2,93,176,14.1,0,15.4121
-0.2,92,188,13.4,0,17.7894
-0.5,90,195,12.3,0,23.1593
-0.7,86,198,11.4,0,31.2959
-0.6,83,201,13.1,0,28.4291
-0.6,83,197,13.9,0,44.0022
0.9,82,195,15.6,0,62.1048
1.5,83,196,16.5,0,33.5868
2.6,83,193,17.4,0,10.5761
3.3,83,192,18.4,0,15.7071
3.8,83,198,16.6,0,19.7991
4.5,83,191,18.7,0.1,14.5128
4.7,82,185,21,0,13.3329
4.4,82,184,19.1,0,13.6074
3.7,83,184,17.7,0,19.9011
3,86,180,16.6,0,14.8698
2.7,86,175,17,0,20.9345
2.6,86,174,16.7,0,20.2221
2.9,86,175,16.3,0,18.8355
2.8,86,172,16,0,30.2659
2.7,87,171,16.4,0,45.0916
2.5,87,174,16.3,0,35.9218
2.4,86,174,16.7,0,21.6201
2.1,86,198,4.6,0,15.2913
2.3,84,189,4.7,0,22.4978
1.9,83,176,4.7,0,13.022
1.6,83,163,4.9,0,20.0112
1.4,83,160,5.4,0,18.3489
1.5,82,170,6.2,0,19.225
1.3,83,177,7.9,0,21.6406
1.6,86,186,10.9,0,23.9093
2.4,85,338,5.8,0,64.0866
3.3,83,345,5.6,0,39.0409
4.1,80,332,6.1,0,12.8203
4.5,75,345,5.6,0,21.3401
4.6,74,18,5.7,0,14.0516
4.2,78,28,6.1,0,17.4899
4,81,45,7.6,0,13.1018
3.8,86,52,8.7,0,10.8894
3.8,89,58,10.2,0,5.71302
3.9,91,62,11.4,0.1,8.12663
4,93,132,14.5,0.1,11.1706
3.5,95,123,13.8,0.1,10.2664
3.5,96,117,12.1,0.1,7.49854
3.4,97,111,10.8,0.1,7.06364
3.2,97,103,10,0,7.89395
2.9,98,97,8.4,0,8.92845
2.6,98,141,13,0,12.9019
2.2,98,153,12.6,0,9.9391
1.7,97,160,12.6,0,9.24895
1.3,96,162,13.7,0,12.8022
1.1,96,159,14.2,0,9.57191
0.9,95,157,14.8,0,15.4003
0.7,95,155,13.9,0,13.6608
0.6,96,153,12.6,0,31.1139
0.9,95,150,12.1,0,17.5176
1,91,143,15.7,0,19.0957
1.4,87,153,13.4,0,17.1007
1.6,84,152,14.3,0,13.6503
1.9,81,159,13.1,0,12.9785
2.1,78,164,11.6,0,20.7466
2.1,77,159,8.9,0,22.5763
1.5,81,143,7.2,0,16.072
0.7,86,143,7.7,0,79.2368
-0.2,90,146,6.5,0,114.116
0,87,145,4.4,0,133.047
0.2,89,166,1.5,0,173.704
-0.5,91,243,1.6,0,160.721
-1.6,93,265,4,0,152.792
-2.3,96,259,3.7,0,143.807
-2.1,97,259,3.7,0,143.589
-2.1,97,252,5.7,0,121.694
-2.6,99,249,5,0,129.517
-3,98,237,6,0,103.99
-3.6,97,234,6.2,0,90.3542
-3.6,95,236,6.5,0,80.3716
-3.5,95,243,7.2,0,52.8071
-3.4,95,246,7.9,0,73.4321
-2.6,92,242,9.3,0,72.6326
-1.3,83,236,10.9,0,52.064
0.8,74,227,12.7,0,18.0108
2.6,69,218,10.5,0,15.342
3.4,67,218,13.3,0,10.8135
3.5,67,223,15.3,0,17.0774
3.3,70,223,14.8,0,18.6209
2.6,73,211,16,0,15.3793
1.4,77,206,15.6,0,23.6982
0.7,79,198,14.8,0,28.4437
1.1,78,191,16.5,0,30.8565
1.5,78,189,17.9,0,15.9431
1.1,80,184,18.8,0,13.3445
1.4,80,184,18.8,0,7.4779
1.8,80,187,19.6,0.1,7.17068
2.2,80,191,20.2,0.1,7.1172
2.4,81,186,21.7,0.1,5.38864
2.6,81,188,21.8,0,4.63563
2.9,81,192,23.6,0.1,4.50475
3,80,189,25.2,0.1,3.27718
3.2,80,182,25.6,0,3.03133
3.2,80,179,26.3,0,3.226
3.3,78,177,27.8,0,1.74871
3.3,78,174,30.4,0,5.2047
3.3,78,177,31.4,0,5.53576
3.5,76,181,33.5,0.1,3.61394
3.8,75,179,36.7,0,5.14638
4.1,76,175,39.7,0.1,6.13349
4,80,166,39,0.3,8.79742
3.2,89,147,35.1,0.7,7.13515
2.3,94,133,30.8,1,7.39239
1.9,90,135,25.5,0.3,6.99444
1.5,83,137,24.7,0,5.85551
0.7,81,131,24.8,0,4.41098
0.3,81,130,24.3,0,4.70813
0,80,133,23.2,0,10.0438
-0.3,76,137,22.2,0,6.71035
-0.5,75,141,21,0,5.31224
-0.7,75,147,20.3,0,15.148
-1,76,147,21.6,0,9.86023
-1.3,77,152,19.7,0,9.46555
-1.6,78,157,19.2,0,16.181
-1.8,79,158,18.6,0,17.4149
-1.7,81,158,19.1,0,12.7423
-1.8,83,155,20.3,0,7.25614
-1.8,85,154,19.6,0,8.96501
-1.8,86,154,19.6,0,15.2924
-1.8,86,157,19.2,0,15.9267
-1.5,86,157,18.4,0,21.8542
-0.8,85,153,18.2,0,18.0564
0,83,149,19.4,0,13.7732
0.8,78,152,18.7,0,17.0717
1.1,77,148,19.1,0,20.999
1.6,74,148,17.8,0,21.5708
1.6,72,152,15.9,0,15.6112
1.3,74,151,14,0,21.7522
0.6,77,154,11.6,0,19.7399
-0.2,81,157,11,0,27.8506
-0.3,83,160,9.6,0,30.6018
-0.5,85,171,8.8,0,75.699
-0.5,86,178,8.6,0,47.7615
-0.4,87,180,7.9,0,38.7115
-1,90,189,7.3,0,13.7181
-1,90,205,6.8,0,11.0303
-0.7,90,209,7.4,0,10.7477
-0.6,90,215,8.8,0,13.9906
-0.4,89,218,8.7,0,9.02319
-0.3,88,215,8.8,0,9.32562
-0.5,89,218,8.2,0,11.7928
-0.6,90,223,7.9,0,11.3039
-0.9,91,225,7.6,0,18.1274
-1.3,92,227,6.9,0,23.8126
-1.5,93,233,7.7,0,39.1736
-0.8,91,241,9,0,34.1592
0.4,88,241,9.5,0,13.5972
1.9,81,239,9.7,0,22.4463
3,76,236,10.4,0,26.7523
3.8,72,233,12.1,0,19.9766
4,71,234,16.5,0,22.8564
3.5,73,234,16.5,0,20.2599
2.4,75,235,17.1,0,29.8108
1.3,77,234,17.3,0,40.9314
1.1,76,232,19.5,0,22.4286
1.1,76,228,23.2,0,18.4877
0.3,77,228,22.4,0,16.8123
0.3,79,222,22.4,0,15.1166
0.6,79,211,23.6,0,20.3919
0.9,77,207,21.1,0,21.0074
1.1,75,205,21.4,0,8.2723
1.4,74,206,22.4,0,7.41824
1.7,76,205,23.8,0.1,9.52963
2,77,200,23.8,0.1,6.01143
2.1,78,199,23.6,0,2.85424
2.1,79,191,22.7,0.2,3.5942
1.9,82,173,24.3,0.2,6.56874
1.3,80,170,22.7,0.1,6.9145
0.8,77,181,20.9,0,10.1764
1.1,75,192,22.1,0,7.63385
1.2,78,183,24.5,0.3,4.06863
0.2,76,158,29.1,1,10.4856
-0.1,66,147,28.9,0.1,6.36524
0.2,61,149,28.9,0,2.50486
0.4,60,158,26.8,0,11.9986
0.1,59,156,28.4,0,16.4117
-0.6,62,157,25.3,0,10.801
-1.3,67,158,23.3,0,14.333
-1.5,67,161,21.3,0,15.4249
-1.6,68,161,19.8,0,8.9778
-2,74,157,20,0,19.7496
-2.2,78,155,19.8,0.1,15.8101
-2.3,79,149,20.7,0.2,12.6119
-2.5,79,139,23.5,0.2,7.66441
-2.8,77,140,22.2,0.1,6.23981
-3.1,72,144,22.7,0,6.38925
-3.3,69,148,22.5,0,6.48301
-3.6,69,153,22.5,0,5.25544
-3.8,69,155,23.4,0,3.79847
-3.7,69,157,23.9,0,6.17221
-3.4,70,156,25.3,0,9.77535
-3.2,69,154,25.6,0,9.95615
-2.7,68,156,25.6,0,13.3324
-2.6,64,158,26,0,9.23038
-2.3,60,165,23.1,0,10.0425
-1.6,56,167,23.7,0,9.68219
-1,57,166,24.5,0,6.91519
-0.6,58,155,25.8,0,9.34936
-0.6,61,151,27.6,0.1,11.1941
-0.6,63,155,23.5,0.1,7.94186
-1.1,66,150,24.5,0.1,9.49041
-1.7,69,147,25.5,0,8.78203
-1.8,68,146,26,0,7.47642
-1.8,64,150,25,0,7.38423
-2,62,155,24.2,0,9.05983
-2,61,162,24.2,0,6.83346
-1.8,64,164,25.1,0,6.9193
-1.4,73,159,25.9,0,5.21267
-0.9,81,162,24.2,0,8.33158
-0.3,83,164,22.9,0.1,4.87549
0,85,162,21.2,0.2,2.30602
0.2,88,147,20.3,0.4,1.63409
0.2,93,129,20,0.9,5.26192
0,96,121,19.7,0.7,6.06659
-0.5,97,115,18.2,0.3,6.23513
-1,96,107,18.1,0.1,8.91691
-1,91,106,17.2,0.2,10.0668
-1.5,92,111,17,0,7.31363
-1.1,88,116,17.6,0,9.34031
-0.8,83,118,19.7,0,9.73941
-0.7,79,114,19.3,0,11.3006
-0.8,77,117,17.7,0,8.62526
-1.1,71,118,17.1,0,8.42543
-1.4,74,116,14,0,10.8089
-1.9,77,117,12.6,0,14.8657
-2.5,81,124,10.9,0,24.8802
-2.8,83,137,9.4,0,19.6132
-2.9,84,149,9.2,0,68.608
-2.9,86,159,9.2,0,119.035
-3.3,87,171,9.1,0,84.6505
-3.7,87,173,9.4,0,36.9764
-4.1,85,154,11.6,0,16.4691
-4,82,156,12.2,0,29.2439
-3.7,80,156,12.6,0,38.1424
-3.2,80,153,11.3,0,35.0755
-2.6,82,150,12.4,0,16.7971
-2.1,83,148,13.1,0,11.3617
-2.4,84,149,12.6,0,13.0203
-2.1,83,146,13,0,15.2568
-1.2,82,148,12.3,0,12.4434
-0.6,90,148,10.2,0,12.1781
0.1,91,143,9,0,11.916
0.8,92,128,8.7,0.1,19.4839
1,95,130,10.7,0.2,21.3535
1.2,98,130,9.4,0.3,13.7155
1.4,98,125,7.5,0.3,9.63762
1.6,99,117,6.4,0.2,7.16674
1.7,99,112,5.8,0.2,18.8514
1.6,100,103,6.3,0.2,20.5214
1.4,99,97,5.8,0.3,23.7686
1.1,99,99,4.7,0.3,29.0437
0.9,100,105,4.1,0.2,42.282
0.9,100,101,3.7,0.1,45.7761
0.8,100,90,3.2,0.2,88.3457
0.8,100,81,2.2,0.2,79.5013
0.7,100,63,1.6,0.2,55.0083
0.6,100,56,1.3,0.1,39.5375
0.8,100,135,1.5,0.1,18.6515
0.8,99,146,1.3,0,15.2249
0.7,99,74,2.6,0,14.1342
0.6,100,53,1.8,0,24.073
0.6,100,45,2,0,31.3418
0.6,100,45,1,0,26.9293
0.5,99,45,0.5,0,28.1108
0.7,99,315,1.5,0,57.8931
0.7,100,309,2.3,0,60.702
1,99,315,1.5,0,57.5876
1.3,98,207,1.6,0.1,19.1314
1.7,95,231,2.3,0,17.1994
2.1,91,212,4.7,0,44.3221
2.4,88,204,7.1,0,52.3204
2.5,89,193,6.3,0,52.6615
2.2,91,185,4.3,0,75.0475
1.7,93,195,4.1,0,47.8418
1.4,94,198,4.6,0,40.1854
1.4,94,207,4.8,0,24.5951
1.3,94,210,5.8,0.1,51.1755
1.4,94,209,6.6,0.1,33.5855
1.6,95,209,6.6,0.1,25.6903
1.7,95,198,8,0.1,32.646
1.8,96,196,7.9,0.1,47.2194
1.9,96,198,7.2,0.1,44.0411
1.9,96,198,6.8,0.1,29.9118
1.9,96,197,7.5,0,16.9692
2,95,201,8.1,0,8.66113
1.9,95,195,8.2,0,8.63768
1.9,95,180,8.6,0,9.27369
2,95,173,9.4,0.1,24.0229
2.2,95,172,10.2,0.1,24.2897
2.5,95,160,11.5,0,15.1785
2.7,95,146,13,0,10.5775
2.9,91,138,13.5,0.1,8.93528
3,87,139,12,0.1,14.9438
3,85,143,12.1,0.1,12.9368
2.8,85,143,12.6,0,10.7618
2.6,86,139,12.5,0,11.1195
2.2,88,140,11.8,0,9.46083
1.8,90,143,11.3,0,12.5304
1.5,92,148,12.3,0,11.8717
1.4,92,152,13,0,24.1334
1.8,93,156,13.4,0,16.5076
1.7,93,158,13.6,0,11.1865
1.8,92,159,13.1,0,8.93036
1.8,93,170,12.1,0,6.37428
1.9,93,173,12,0.1,4.95135
1.9,93,175,11.9,0.1,2.87376
1.8,93,177,11.9,0.1,3.44559
1.7,93,177,12.3,0.1,5.51993
1.7,92,174,13,0.1,2.49944
1.7,92,168,14,0.1,0
1.6,92,167,14.4,0.1,9.53387
1.5,92,169,13.6,0.1,12.4362
1.2,92,173,12.7,0,6.7077
1.6,90,175,13.4,0,4.0319
2.1,88,178,13.3,0,3.88051
2.4,86,169,15,0,9.47255
2.7,83,163,16.2,0,8.97949
2.8,81,164,14.6,0,9.18052
2.7,80,165,14.1,0.1,9.59158
2.5,80,168,13.6,0,10.2127
2.1,80,172,13.4,0,15.4417
1.6,79,187,12.3,0,14.1949
1.1,80,192,12.1,0,16.9073
0.9,81,189,11.7,0,21.1854
0.6,82,183,11.9,0,17.2486
0.5,82,178,13.3,0,17.6129
0.3,81,180,14.8,0,8.1725
0.2,80,180,15.1,0,11.3047
0.2,78,180,17.6,0,10.702
0.2,77,184,17.3,0,7.86092
0.3,77,187,17.1,0,2.45859
0.4,78,190,17.2,0,3.71218
0.3,79,195,15.6,0,4.64515
0.4,79,202,15.2,0,2.3448
0.4,79,210,14.2,0,7.39318
0.3,79,217,14.4,0,19.499
0.3,81,217,15.4,0,15.7227
0.5,81,217,16.7,0,17.3801
1,78,221,18.6,0,23.8443
1.7,75,217,21.6,0,21.1931
2.2,72,222,22.2,0,19.7684
2.8,70,217,22.1,0,25.8692
2.9,71,213,19.3,0.1,12.7519
2.7,74,201,21.5,0.4,11.9866
2.6,78,199,22.1,0.3,7.31898
2.4,79,196,22.5,0.1,16.068
2.6,80,195,22.4,0,4.85459
2.8,80,196,22.5,0,11.9
3,81,198,22.7,0,7.47748
3.1,80,202,22.6,0,9.22055
3,80,203,23.1,0,9.32354
2.9,80,191,23.5,0.1,5.01998
2.7,82,186,24.3,0.1,2.08191
2.8,80,181,26.3,0.1,8.64746
2.8,80,179,27,0.1,6.12676
2.7,80,174,29.3,0.1,3.06692
2.7,78,170,31.4,0,9.23602
2.7,77,165,31.6,0,6.12068
2.6,76,165,31,0,4.29163
2.3,77,162,31,0,5.79667
2.3,78,160,32.2,0.1,10.6388
2.4,78,156,32.2,0.1,9.69976
2.7,77,153,32.2,0.1,14.1974
2.9,76,147,28.1,0,8.3422
2.9,76,149,30.7,0,11.7799
2.9,75,143,37.3,0,13.6938
3.1,74,145,29.2,0,20.3086
3.1,74,145,29,0,18.3759
2.9,74,144,27.1,0,12.8266
2.4,75,143,27.2,0,16.1636
1.8,75,141,26.9,0,16.6198
1.4,75,136,27,0.1,16.3426
1.4,76,133,25.2,0.1,18.6812
1,75,132,22.9,0,13.1324
0.7,75,131,21.4,0,10.0481
0.1,78,129,19.5,0,7.67872
-0.6,83,144,15.2,0,11.2552
-0.8,88,164,14.2,0,11.2631
-0.5,87,175,13.7,0,17.0119
-0.3,86,189,12,0,10.6829
0,84,206,11.6,0,15.6254
0.1,82,205,11.1,0,16.5387
0.2,80,212,11.5,0,17.8949
0.2,79,223,12.7,0,18.611
0.4,81,227,13.2,0,13.7532
1,82,228,16.6,0.1,11.197
1.5,83,227,19.1,0.2,14.046
2,83,225,21.9,0.3,8.94454
2.1,85,226,21.9,0.4,3.798
2,88,225,23.4,0.8,3.64572
2.2,89,219,25.6,1,4.30471
2.5,89,216,25,1.1,3.61733
2.9,87,215,24.6,0.7,2.83625
3,86,207,24.1,0.1,4.09562
3.4,85,214,24.7,0.1,7.998
3.8,83,203,26.3,0,5.29478
3.9,82,204,27.6,0.1,1.01988
4.4,81,201,28.9,0.1,0
5.2,80,199,29.3,0.1,2.03272
5.6,80,193,27,0.1,1.22272
5.8,80,181,32,0.2,3.40969
5.3,80,169,34.9,0.1,8.40819
4.9,76,167,36.2,0,9.15064
4.5,74,168,36.1,0,9.64975
4.1,74,168,36.9,0,10.5419
3.9,71,168,37.5,0,9.4265
3.5,69,171,37.2,0,11.7173
3.3,66,172,38.1,0,7.7697
3.5,67,170,39.8,0,14.0675
3.5,67,166,41.6,0.1,11.706
3.5,70,162,41.2,0.1,9.12715
3.7,71,153,38.5,0.1,20.1086
3.9,71,158,39.2,0.1,11.3376
4.4,67,156,41.1,0,12.2521
4.6,66,149,40.7,0,13.7852
4.5,67,150,39.3,0,11.0948
4.2,64,156,35.8,0,19.761
3.6,64,160,35,0,21.8396
3.3,65,157,36.3,0,17.5318
3,66,156,35.1,0,20.0797
2.6,69,156,32.7,0,19.8347
2.4,70,157,30.8,0,22.2301
2,71,158,28.7,0,24.0278
1.7,72,154,27.5,0,20.9037
1.1,74,153,26.6,0,11.8806
0.7,75,159,23.6,0,17.5621
0.4,76,165,20.9,0,9.11487
0.2,76,167,19.9,0,16.5932
0.1,77,170,16.5,0,12.9794
0,77,177,14.8,0,14.2177
-0.2,78,185,13.7,0,15.0007
-0.2,78,196,11.6,0,31.9903
0.4,77,207,11.8,0,34.53
0.6,77,225,11.7,0,35.5255
0.8,76,226,14,0,37.1685
1.4,73,218,14.1,0,34.4088
2.2,66,207,14.5,0,37.8265
2.7,60,193,11.4,0,37.8017
2.9,60,185,9,0,30.6725
2.8,61,162,4.6,0,31.699
2.3,69,180,0,0,32.3422
1.3,81,261,2.2,0,43.7196
1.1,78,171,2.2,0,45.2362
-0.6,87,144,3.1,0,44.1555
-1.3,89,138,4.3,0,44.1712
-2.1,91,122,5.5,0,68.213
-2.2,91,117,7.2,0,56.1764
